{"cameraMode":{"drawMode":0,"name":"Shaded","section":"Shading Mode"},"sceneLighting":true,"audioPlay":false,"sceneViewState":{"m_AlwaysRefresh":false,"showFog":true,"showSkybox":true,"showFlares":true,"showImageEffects":true,"showParticleSystems":true,"showVisualEffectGraphs":true,"m_FxEnabled":true},"in2DMode":false,"pivot":{"x":-10.010000228881836,"y":0.4699999690055847,"z":-5.159999847412109},"rotation":{"x":-0.2330441027879715,"y":-0.06938166171312332,"z":0.016618376597762109,"w":-0.9698842763900757},"size":5.080082416534424,"orthographic":false}