{"cameraMode":{"drawMode":0,"name":"Shaded","section":"Shading Mode"},"sceneLighting":true,"audioPlay":false,"sceneViewState":{"m_AlwaysRefresh":false,"showFog":true,"showSkybox":true,"showFlares":true,"showImageEffects":true,"showParticleSystems":true,"showVisualEffectGraphs":true,"m_FxEnabled":true},"in2DMode":false,"pivot":{"x":0.9011274576187134,"y":9.488667488098145,"z":-7.421633243560791},"rotation":{"x":0.33708930015563967,"y":0.00031260994728654623,"z":-0.00004510766302701086,"w":0.9415223598480225},"size":10.287708282470704,"orthographic":true}