{"cameraMode":{"drawMode":0,"name":"Shaded","section":"Shading Mode"},"sceneLighting":true,"audioPlay":false,"sceneViewState":{"m_AlwaysRefresh":false,"showFog":true,"showSkybox":true,"showFlares":true,"showImageEffects":true,"showParticleSystems":true,"showVisualEffectGraphs":true,"m_FxEnabled":true},"in2DMode":false,"pivot":{"x":0.9011274576187134,"y":9.488667488098145,"z":-7.421633243560791},"rotation":{"x":0.32398295402526858,"y":-0.15762515366077424,"z":0.05490397661924362,"w":0.931272566318512},"size":10.287708282470704,"orthographic":true}